"file","caption","category","png_time","StartTime"
"bio1_sizeatage.png","Length at age in the beginning of the year (or season) in the ending year of the model. Shaded area indicates 95% distribution of length at age around estimated growth curve.","Bio",2021-05-07 11:06:55,"StartTime: Thu May 06 13:04:07 2021"
"bio2_sizeatage_plus_CV_and_SD.png","Length at age (top-left panel) with CV (thick line) and SD (thin line) of length at age shown in top-right and lower-left panels","Bio",2021-05-07 11:06:55,"StartTime: Thu May 06 13:04:07 2021"
"bio3_sizeatage_plus_WT_and_MAT.png","Length at age (top-left panel) with weight (thick line) and maturity (thin line) shown in top-right and lower-left panels","Bio",2021-05-07 11:06:55,"StartTime: Thu May 06 13:04:07 2021"
"bio1B_len_at_age_matrix_1.png","Distribution of length at age for seas: 1 sub_seas: 1 morph: 1","Bio",2021-05-07 11:06:55,"StartTime: Thu May 06 13:04:07 2021"
"bio1B_len_at_age_matrix_2.png","Distribution of length at age for seas: 1 sub_seas: 1 morph: 2","Bio",2021-05-07 11:06:55,"StartTime: Thu May 06 13:04:07 2021"
"bio1B_len_at_age_matrix_3.png","Distribution of length at age for seas: 1 sub_seas: 2 morph: 1","Bio",2021-05-07 11:06:55,"StartTime: Thu May 06 13:04:07 2021"
"bio1B_len_at_age_matrix_4.png","Distribution of length at age for seas: 1 sub_seas: 2 morph: 2","Bio",2021-05-07 11:06:55,"StartTime: Thu May 06 13:04:07 2021"
"bio5_weightatsize.png","Weight-length relationship","Bio",2021-05-07 11:06:55,"StartTime: Thu May 06 13:04:07 2021"
"bio6_maturity.png","Maturity at length","Bio",2021-05-07 11:06:55,"StartTime: Thu May 06 13:04:07 2021"
"bio7_fecundity.png","Fecundity","Bio",2021-05-07 11:06:55,"StartTime: Thu May 06 13:04:07 2021"
"bio8_fecundity_wt.png","Fecundity as a function of weight","Bio",2021-05-07 11:06:55,"StartTime: Thu May 06 13:04:07 2021"
"bio9_fecundity_len.png","Fecundity as a function of length","Bio",2021-05-07 11:06:55,"StartTime: Thu May 06 13:04:07 2021"
"bio10_spawningoutput_len.png","Spawning output at length. This is the product of maturity and fecundity unless maturity is age-based, in which case only fecundity is represented.","Bio",2021-05-07 11:06:55,"StartTime: Thu May 06 13:04:07 2021"
"bio11_spawningoutput_age.png","Spawning output at age. This is the product of maturity and fecundity. When these processes are length-based they are converted into the age dimension using the matrix of length at age.","Bio",2021-05-07 11:06:55,"StartTime: Thu May 06 13:04:07 2021"
"sel01_multiple_fleets_length1.png","Selectivity at length for multiple fleets.","Sel",2021-05-07 11:06:55,"StartTime: Thu May 06 13:04:07 2021"
"sel02_multiple_fleets_age1.png","Selectivity at age for multiple fleets.","Sel",2021-05-07 11:06:55,"StartTime: Thu May 06 13:04:07 2021"
"sel02_multiple_fleets_age2.png","Selectivity at age derived from selectivity at length for multiple fleets.","Sel",2021-05-07 11:06:55,"StartTime: Thu May 06 13:04:07 2021"
"sel05_timevary_ret_surf_flt1sex1.png","Surface plot of Female time-varying retention for FIX","Sel",2021-05-07 11:06:55,"StartTime: Thu May 06 13:04:07 2021"
"sel06_timevary_ret_contour_flt1sex1.png","Countour plot of Female time-varying retention for FIX","Sel",2021-05-07 11:06:55,"StartTime: Thu May 06 13:04:07 2021"
"sel09_len_flt1sex1.png","Female ending year selectivity for FIX","Sel",2021-05-07 11:06:55,"StartTime: Thu May 06 13:04:07 2021"
"sel05_timevary_ret_surf_flt1sex2.png","Surface plot of Male time-varying retention for FIX","Sel",2021-05-07 11:06:55,"StartTime: Thu May 06 13:04:07 2021"
"sel06_timevary_ret_contour_flt1sex2.png","Countour plot of Male time-varying retention for FIX","Sel",2021-05-07 11:06:55,"StartTime: Thu May 06 13:04:07 2021"
"sel09_len_flt1sex2.png","Male ending year selectivity for FIX","Sel",2021-05-07 11:06:55,"StartTime: Thu May 06 13:04:07 2021"
"sel05_timevary_ret_surf_flt3sex1.png","Surface plot of Female time-varying retention for TWL","Sel",2021-05-07 11:06:55,"StartTime: Thu May 06 13:04:07 2021"
"sel06_timevary_ret_contour_flt3sex1.png","Countour plot of Female time-varying retention for TWL","Sel",2021-05-07 11:06:55,"StartTime: Thu May 06 13:04:07 2021"
"sel09_len_flt3sex1.png","Female ending year selectivity for TWL","Sel",2021-05-07 11:06:55,"StartTime: Thu May 06 13:04:07 2021"
"sel05_timevary_ret_surf_flt3sex2.png","Surface plot of Male time-varying retention for TWL","Sel",2021-05-07 11:06:55,"StartTime: Thu May 06 13:04:07 2021"
"sel06_timevary_ret_contour_flt3sex2.png","Countour plot of Male time-varying retention for TWL","Sel",2021-05-07 11:06:55,"StartTime: Thu May 06 13:04:07 2021"
"sel09_len_flt3sex2.png","Male ending year selectivity for TWL","Sel",2021-05-07 11:06:55,"StartTime: Thu May 06 13:04:07 2021"
"sel11_timevary_surf_flt1sex1.png","Female time-varying selectivity for FIX","Sel",2021-05-07 11:06:55,"StartTime: Thu May 06 13:04:07 2021"
"sel12_timevary_contour_flt1sex1.png","Female time-varying selectivity for FIX","Sel",2021-05-07 11:06:55,"StartTime: Thu May 06 13:04:07 2021"
"sel13_age_flt1sex1.png","Female ending year selectivity for FIX","Sel",2021-05-07 11:06:55,"StartTime: Thu May 06 13:04:07 2021"
"sel11_timevary_surf_flt1sex2.png","Male time-varying selectivity for FIX","Sel",2021-05-07 11:06:55,"StartTime: Thu May 06 13:04:07 2021"
"sel12_timevary_contour_flt1sex2.png","Male time-varying selectivity for FIX","Sel",2021-05-07 11:06:55,"StartTime: Thu May 06 13:04:07 2021"
"sel13_age_flt1sex2.png","Male ending year selectivity for FIX","Sel",2021-05-07 11:06:55,"StartTime: Thu May 06 13:04:07 2021"
"sel11_timevary_surf_flt3sex1.png","Female time-varying selectivity for TWL","Sel",2021-05-07 11:06:55,"StartTime: Thu May 06 13:04:07 2021"
"sel12_timevary_contour_flt3sex1.png","Female time-varying selectivity for TWL","Sel",2021-05-07 11:06:55,"StartTime: Thu May 06 13:04:07 2021"
"sel13_age_flt3sex1.png","Female ending year selectivity for TWL","Sel",2021-05-07 11:06:55,"StartTime: Thu May 06 13:04:07 2021"
"sel11_timevary_surf_flt3sex2.png","Male time-varying selectivity for TWL","Sel",2021-05-07 11:06:55,"StartTime: Thu May 06 13:04:07 2021"
"sel12_timevary_contour_flt3sex2.png","Male time-varying selectivity for TWL","Sel",2021-05-07 11:06:55,"StartTime: Thu May 06 13:04:07 2021"
"sel13_age_flt3sex2.png","Male ending year selectivity for TWL","Sel",2021-05-07 11:06:55,"StartTime: Thu May 06 13:04:07 2021"
"sel11_timevary_surf_flt5sex1.png","Female time-varying selectivity for AKSHLF","Sel",2021-05-07 11:06:55,"StartTime: Thu May 06 13:04:07 2021"
"sel12_timevary_contour_flt5sex1.png","Female time-varying selectivity for AKSHLF","Sel",2021-05-07 11:06:55,"StartTime: Thu May 06 13:04:07 2021"
"sel13_age_flt5sex1.png","Female ending year selectivity for AKSHLF","Sel",2021-05-07 11:06:55,"StartTime: Thu May 06 13:04:07 2021"
"sel11_timevary_surf_flt5sex2.png","Male time-varying selectivity for AKSHLF","Sel",2021-05-07 11:06:55,"StartTime: Thu May 06 13:04:07 2021"
"sel12_timevary_contour_flt5sex2.png","Male time-varying selectivity for AKSHLF","Sel",2021-05-07 11:06:55,"StartTime: Thu May 06 13:04:07 2021"
"sel13_age_flt5sex2.png","Male ending year selectivity for AKSHLF","Sel",2021-05-07 11:06:55,"StartTime: Thu May 06 13:04:07 2021"
"sel14_age_flt6sex1.png","Female ending year selectivity for AKSLP","Sel",2021-05-07 11:06:55,"StartTime: Thu May 06 13:04:07 2021"
"sel14_age_flt6sex2.png","Male ending year selectivity for AKSLP","Sel",2021-05-07 11:06:55,"StartTime: Thu May 06 13:04:07 2021"
"sel14_age_flt7sex1.png","Female ending year selectivity for NWSLP","Sel",2021-05-07 11:06:55,"StartTime: Thu May 06 13:04:07 2021"
"sel14_age_flt7sex2.png","Male ending year selectivity for NWSLP","Sel",2021-05-07 11:06:55,"StartTime: Thu May 06 13:04:07 2021"
"sel14_age_flt8sex1.png","Female ending year selectivity for NWCBO","Sel",2021-05-07 11:06:55,"StartTime: Thu May 06 13:04:07 2021"
"sel14_age_flt8sex2.png","Male ending year selectivity for NWCBO","Sel",2021-05-07 11:06:55,"StartTime: Thu May 06 13:04:07 2021"
"ts7_Spawning_biomass_(mt).png","Spawning biomass (mt)","Timeseries",2021-05-07 11:06:55,"StartTime: Thu May 06 13:04:07 2021"
"ts7_Spawning_biomass_(mt)_with_95_asymptotic_intervals_intervals.png","Spawning biomass (mt) with ~95% asymptotic intervals","Timeseries",2021-05-07 11:06:55,"StartTime: Thu May 06 13:04:07 2021"
"ts7_Spawning_biomass_(mt)_with_forecast_forecast.png","Spawning biomass (mt) with forecast","Timeseries",2021-05-07 11:06:55,"StartTime: Thu May 06 13:04:07 2021"
"ts7_Spawning_biomass_(mt)_with_forecast_with_95_asymptotic_intervals_forecast_intervals.png","Spawning biomass (mt) with forecast with ~95% asymptotic intervals","Timeseries",2021-05-07 11:06:55,"StartTime: Thu May 06 13:04:07 2021"
"ts9_Relative_spawning_biomass.png","Relative spawning biomass: B/B_0","Timeseries",2021-05-07 11:06:55,"StartTime: Thu May 06 13:04:07 2021"
"ts9_Relative_spawning_biomass_intervals.png","Relative spawning biomass: B/B_0 with ~95% asymptotic intervals","Timeseries",2021-05-07 11:06:55,"StartTime: Thu May 06 13:04:07 2021"
"ts9_Relative_spawning_biomass_forecast.png","Relative spawning biomass: B/B_0 with forecast","Timeseries",2021-05-07 11:06:55,"StartTime: Thu May 06 13:04:07 2021"
"ts9_Relative_spawning_biomass_forecast_intervals.png","Relative spawning biomass: B/B_0 with forecast with ~95% asymptotic intervals","Timeseries",2021-05-07 11:06:55,"StartTime: Thu May 06 13:04:07 2021"
"ts1_Total_biomass_(mt).png","Total biomass (mt)","Timeseries",2021-05-07 11:06:55,"StartTime: Thu May 06 13:04:07 2021"
"ts1_Total_biomass_(mt)_with_forecast_forecast.png","Total biomass (mt) with forecast","Timeseries",2021-05-07 11:06:55,"StartTime: Thu May 06 13:04:07 2021"
"ts4_Summary_biomass_(mt).png","Summary biomass (mt)","Timeseries",2021-05-07 11:06:55,"StartTime: Thu May 06 13:04:07 2021"
"ts4_Summary_biomass_(mt)_with_forecast_forecast.png","Summary biomass (mt) with forecast","Timeseries",2021-05-07 11:06:55,"StartTime: Thu May 06 13:04:07 2021"
"ts11_Age-0_recruits_(1000s).png","Age-0 recruits (1,000s)","Timeseries",2021-05-07 11:06:55,"StartTime: Thu May 06 13:04:07 2021"
"ts11_Age-0_recruits_(1000s)_with_95_asymptotic_intervals.png","Age-0 recruits (1,000s) with ~95% asymptotic intervals","Timeseries",2021-05-07 11:06:55,"StartTime: Thu May 06 13:04:07 2021"
"ts11_Age-0_recruits_(1000s)_with_forecast_forecast.png","Age-0 recruits (1,000s) with forecast","Timeseries",2021-05-07 11:06:55,"StartTime: Thu May 06 13:04:07 2021"
"ts11_Age-0_recruits_(1000s)_with_forecast_with_95_asymptotic_intervals_forecast.png","Age-0 recruits (1,000s) with forecast with ~95% asymptotic intervals","Timeseries",2021-05-07 11:06:55,"StartTime: Thu May 06 13:04:07 2021"
"ts_summaryF.png","Summary F (definition of F depends on setting in starter.ss)","Timeseries",2021-05-07 11:06:55,"StartTime: Thu May 06 13:04:07 2021"
"recdevs1_points.png","Recruitment deviations","RecDev",2021-05-07 11:06:55,"StartTime: Thu May 06 13:04:07 2021"
"recdevs2_withbars.png","Recruitment deviations with 95% intervals","RecDev",2021-05-07 11:06:55,"StartTime: Thu May 06 13:04:07 2021"
"recdevs3_varcheck.png","Recruitment deviations variance check.<br> See later figure of transformed variance values for comparison with bias adjustment settings in the model.","RecDev",2021-05-07 11:06:55,"StartTime: Thu May 06 13:04:07 2021"
"recruit_fit_bias_adjust.png","Points are transformed variances. Red line shows current settings for bias adjustment specified in control file. Blue line shows least squares estimate of alternative bias adjustment relationship for recruitment deviations (which may or may not be an improvement. For more information, see<br> 
<blockquote>Methot, R.D. and Taylor, I.G., 2011. Adjusting for bias due to variability of estimated recruitments in fishery assessment models. <i>Can. J. Fish. Aquat. Sci.</i>, 68:1744-1760.</blockquote><br> 
Estimated alternative inputs to SS control file associated with blue line in figure: 
<pre>1959.0   #_last_early_yr_nobias_adj_in_MPD 
2017.4   #_first_yr_fullbias_adj_in_MPD 
2017.6   #_last_yr_fullbias_adj_in_MPD 
2019.3   #_first_recent_yr_nobias_adj_in_MPD 
1.2281  #_max_bias_adj_in_MPD (1.0 to mimic pre-2009 models) </pre>","RecDev",2021-05-07 11:06:55,"StartTime: Thu May 06 13:04:07 2021"
"SR_curve.png","Stock-recruit curve.  Point colors indicate year, with warmer colors indicating earlier years and cooler colors in showing later years.","S-R",2021-05-07 11:06:55,"StartTime: Thu May 06 13:04:07 2021"
"SR_curve2.png","Stock-recruit curve with labels on first, last, and years with (log) deviations > 0.5. Point colors indicate year, with warmer colors indicating earlier years and cooler colors in showing later years.","S-R",2021-05-07 11:06:55,"StartTime: Thu May 06 13:04:07 2021"
"SR_resids.png","Deviations around the stock-recruit curve. Labels are on first, last, and years with (log) deviations > 0.5. Point colors indicate year, with warmer colors indicating earlier years and cooler colors in showing later years.","S-R",2021-05-07 11:06:55,"StartTime: Thu May 06 13:04:07 2021"
"catch1 landings.png","landings","Catch",2021-05-07 11:06:55,"StartTime: Thu May 06 13:04:07 2021"
"catch2 landings stacked.png","landings stacked","Catch",2021-05-07 11:06:55,"StartTime: Thu May 06 13:04:07 2021"
"catch4 total catch (including discards).png","total catch (including discards)","Catch",2021-05-07 11:06:55,"StartTime: Thu May 06 13:04:07 2021"
"catch5 total catch (including discards) stacked.png","total catch (including discards) stacked","Catch",2021-05-07 11:06:55,"StartTime: Thu May 06 13:04:07 2021"
"catch6 discards.png","discards","Catch",2021-05-07 11:06:55,"StartTime: Thu May 06 13:04:07 2021"
"catch7 discards stacked plot (depends on multiple fleets).png","discards stacked plot (depends on multiple fleets)","Catch",2021-05-07 11:06:55,"StartTime: Thu May 06 13:04:07 2021"
"catch8 discard fraction.png","discard fraction","Catch",2021-05-07 11:06:55,"StartTime: Thu May 06 13:04:07 2021"
"catch9 harvest rate.png","harvest rate","Catch",2021-05-07 11:06:55,"StartTime: Thu May 06 13:04:07 2021"
"catch16 landings + dead discards.png"," landings + dead discards","Catch",2021-05-07 11:06:55,"StartTime: Thu May 06 13:04:07 2021"
"SPR1_series.png","Timeseries of SPR","SPR",2021-05-07 11:06:55,"StartTime: Thu May 06 13:04:07 2021"
"SPR2_minusSPRseries.png","Timeseries of 1-SPR","SPR",2021-05-07 11:06:55,"StartTime: Thu May 06 13:04:07 2021"
"SPR3_ratiointerval.png","Timeseries of SPR ratio: (1-SPR)/(1-SPR_45%)","SPR",2021-05-07 11:06:55,"StartTime: Thu May 06 13:04:07 2021"
"SPR4_phase.png","Phase plot of biomass ratio vs. SPR ratio.<br> Each point represents the biomass ratio at the start of the year and the relative fishing intensity in that same year. Lines through the final point show 95% intervals based on the asymptotic uncertainty for each dimension. The shaded ellipse is a 95% region which accounts for the estimated correlation between the two quantities: -0.8. The vertical line at 0.4 indicates the reference point as defined in the forecast.ss which can be removed from the plot via <code>SS_plots(..., btarg = -1)</code>.","SPR",2021-05-07 11:06:55,"StartTime: Thu May 06 13:04:07 2021"
"discard_dataFIX.png","Discard fraction for FIX","Discard",2021-05-07 11:06:55,"StartTime: Thu May 06 13:04:07 2021"
"discard_fitFIX.png","Discard fraction for FIX","Discard",2021-05-07 11:06:55,"StartTime: Thu May 06 13:04:07 2021"
"discard_dataTWL.png","Discard fraction for TWL","Discard",2021-05-07 11:06:55,"StartTime: Thu May 06 13:04:07 2021"
"discard_fitTWL.png","Discard fraction for TWL","Discard",2021-05-07 11:06:55,"StartTime: Thu May 06 13:04:07 2021"
"bodywt_data_fltFIX.png","Mean weight in discard for FIX","Mnwt",2021-05-07 11:06:55,"StartTime: Thu May 06 13:04:07 2021"
"bodywt_fit_fltFIX.png","Mean weight in discard for FIX","Mnwt",2021-05-07 11:06:55,"StartTime: Thu May 06 13:04:07 2021"
"bodywt_data_fltTWL.png","Mean weight in discard for TWL","Mnwt",2021-05-07 11:06:55,"StartTime: Thu May 06 13:04:07 2021"
"bodywt_fit_fltTWL.png","Mean weight in discard for TWL","Mnwt",2021-05-07 11:06:55,"StartTime: Thu May 06 13:04:07 2021"
"index1_cpuedata_ENV.png","Index data for ENV. Lines indicate 95% uncertainty interval around index values based on the model assumption of normal error. Thicker lines (if present) indicate input uncertainty before addition of estimated additional uncertainty parameter.","Index",2021-05-07 11:06:55,"StartTime: Thu May 06 13:04:07 2021"
"index2_cpuefit_ENV.png","Fit to index data for ENV. Lines indicate 95% uncertainty interval around index values based on the model assumption of normal error. Thicker lines (if present) indicate input uncertainty before addition of estimated additional uncertainty parameter.","Index",2021-05-07 11:06:55,"StartTime: Thu May 06 13:04:07 2021"
"index3_obs_vs_exp_ENV.png","Observed vs. expected index values with smoother for ENV","Index",2021-05-07 11:06:55,"StartTime: Thu May 06 13:04:07 2021"
"index12_resids_SE_total_ENV.png","Deviations for fit to index for ENV.<br>Values are Obs - Exp and thus independent of index uncertainty.","Index",2021-05-07 11:06:55,"StartTime: Thu May 06 13:04:07 2021"
"index1_cpuedata_AKSHLF.png","Index data for AKSHLF. Lines indicate 95% uncertainty interval around index values based on the model assumption of lognormal error. Thicker lines (if present) indicate input uncertainty before addition of estimated additional uncertainty parameter.","Index",2021-05-07 11:06:55,"StartTime: Thu May 06 13:04:07 2021"
"index2_cpuefit_AKSHLF.png","Fit to index data for AKSHLF. Lines indicate 95% uncertainty interval around index values based on the model assumption of lognormal error. Thicker lines (if present) indicate input uncertainty before addition of estimated additional uncertainty parameter.","Index",2021-05-07 11:06:55,"StartTime: Thu May 06 13:04:07 2021"
"index3_obs_vs_exp_AKSHLF.png","Observed vs. expected index values with smoother for AKSHLF","Index",2021-05-07 11:06:55,"StartTime: Thu May 06 13:04:07 2021"
"index4_logcpuedata_AKSHLF.png","Log index data for AKSHLF. Lines indicate 95% uncertainty interval around index values based on the model assumption of lognormal error. Thicker lines (if present) indicate input uncertainty before addition of estimated additional uncertainty parameter.","Index",2021-05-07 11:06:55,"StartTime: Thu May 06 13:04:07 2021"
"index5_logcpuefit_AKSHLF.png","Fit to log index data on log scale for AKSHLF. Lines indicate 95% uncertainty interval around index values based on the model assumption of lognormal error. Thicker lines (if present) indicate input uncertainty before addition of estimated additional uncertainty parameter.","Index",2021-05-07 11:06:55,"StartTime: Thu May 06 13:04:07 2021"
"index6_log_obs_vs_exp_AKSHLF.png","log(observed) vs. log(expected) index values with smoother for AKSHLF","Index",2021-05-07 11:06:55,"StartTime: Thu May 06 13:04:07 2021"
"index7_timevarying_q_AKSHLF.png","Timeseries of catchability for AKSHLF","Index",2021-05-07 11:06:55,"StartTime: Thu May 06 13:04:07 2021"
"index8_q_vs_vuln_bio_AKSHLF.png","Catchability vs. vulnerable biomass for fleet AKSHLF<br> 
This plot should illustrate curvature of nonlinear catchability relationship<br> 
or reveal patterns associated with random-walk catchability.","Index",2021-05-07 11:06:55,"StartTime: Thu May 06 13:04:07 2021"
"index10_resids_SE_total_AKSHLF.png","Residuals of fit to index for AKSHLF.<br>Values are (log(Obs) - log(Exp))/SE where SE is the total standard error including any estimated additional uncertainty.","Index",2021-05-07 11:06:55,"StartTime: Thu May 06 13:04:07 2021"
"index12_resids_SE_total_AKSHLF.png","Deviations for fit to index for AKSHLF.<br>Values are log(Obs) - log(Exp) and thus independent of index uncertainty.","Index",2021-05-07 11:06:55,"StartTime: Thu May 06 13:04:07 2021"
"index1_cpuedata_AKSLP.png","Index data for AKSLP. Lines indicate 95% uncertainty interval around index values based on the model assumption of lognormal error. Thicker lines (if present) indicate input uncertainty before addition of estimated additional uncertainty parameter.","Index",2021-05-07 11:06:55,"StartTime: Thu May 06 13:04:07 2021"
"index2_cpuefit_AKSLP.png","Fit to index data for AKSLP. Lines indicate 95% uncertainty interval around index values based on the model assumption of lognormal error. Thicker lines (if present) indicate input uncertainty before addition of estimated additional uncertainty parameter.","Index",2021-05-07 11:06:55,"StartTime: Thu May 06 13:04:07 2021"
"index3_obs_vs_exp_AKSLP.png","Observed vs. expected index values with smoother for AKSLP","Index",2021-05-07 11:06:55,"StartTime: Thu May 06 13:04:07 2021"
"index4_logcpuedata_AKSLP.png","Log index data for AKSLP. Lines indicate 95% uncertainty interval around index values based on the model assumption of lognormal error. Thicker lines (if present) indicate input uncertainty before addition of estimated additional uncertainty parameter.","Index",2021-05-07 11:06:55,"StartTime: Thu May 06 13:04:07 2021"
"index5_logcpuefit_AKSLP.png","Fit to log index data on log scale for AKSLP. Lines indicate 95% uncertainty interval around index values based on the model assumption of lognormal error. Thicker lines (if present) indicate input uncertainty before addition of estimated additional uncertainty parameter.","Index",2021-05-07 11:06:55,"StartTime: Thu May 06 13:04:07 2021"
"index6_log_obs_vs_exp_AKSLP.png","log(observed) vs. log(expected) index values with smoother for AKSLP","Index",2021-05-07 11:06:55,"StartTime: Thu May 06 13:04:07 2021"
"index10_resids_SE_total_AKSLP.png","Residuals of fit to index for AKSLP.<br>Values are (log(Obs) - log(Exp))/SE where SE is the total standard error including any estimated additional uncertainty.","Index",2021-05-07 11:06:55,"StartTime: Thu May 06 13:04:07 2021"
"index12_resids_SE_total_AKSLP.png","Deviations for fit to index for AKSLP.<br>Values are log(Obs) - log(Exp) and thus independent of index uncertainty.","Index",2021-05-07 11:06:55,"StartTime: Thu May 06 13:04:07 2021"
"index1_cpuedata_NWSLP.png","Index data for NWSLP. Lines indicate 95% uncertainty interval around index values based on the model assumption of lognormal error. Thicker lines (if present) indicate input uncertainty before addition of estimated additional uncertainty parameter.","Index",2021-05-07 11:06:55,"StartTime: Thu May 06 13:04:07 2021"
"index2_cpuefit_NWSLP.png","Fit to index data for NWSLP. Lines indicate 95% uncertainty interval around index values based on the model assumption of lognormal error. Thicker lines (if present) indicate input uncertainty before addition of estimated additional uncertainty parameter.","Index",2021-05-07 11:06:55,"StartTime: Thu May 06 13:04:07 2021"
"index3_obs_vs_exp_NWSLP.png","Observed vs. expected index values with smoother for NWSLP","Index",2021-05-07 11:06:55,"StartTime: Thu May 06 13:04:07 2021"
"index4_logcpuedata_NWSLP.png","Log index data for NWSLP. Lines indicate 95% uncertainty interval around index values based on the model assumption of lognormal error. Thicker lines (if present) indicate input uncertainty before addition of estimated additional uncertainty parameter.","Index",2021-05-07 11:06:55,"StartTime: Thu May 06 13:04:07 2021"
"index5_logcpuefit_NWSLP.png","Fit to log index data on log scale for NWSLP. Lines indicate 95% uncertainty interval around index values based on the model assumption of lognormal error. Thicker lines (if present) indicate input uncertainty before addition of estimated additional uncertainty parameter.","Index",2021-05-07 11:06:55,"StartTime: Thu May 06 13:04:07 2021"
"index6_log_obs_vs_exp_NWSLP.png","log(observed) vs. log(expected) index values with smoother for NWSLP","Index",2021-05-07 11:06:55,"StartTime: Thu May 06 13:04:07 2021"
"index10_resids_SE_total_NWSLP.png","Residuals of fit to index for NWSLP.<br>Values are (log(Obs) - log(Exp))/SE where SE is the total standard error including any estimated additional uncertainty.","Index",2021-05-07 11:06:55,"StartTime: Thu May 06 13:04:07 2021"
"index12_resids_SE_total_NWSLP.png","Deviations for fit to index for NWSLP.<br>Values are log(Obs) - log(Exp) and thus independent of index uncertainty.","Index",2021-05-07 11:06:55,"StartTime: Thu May 06 13:04:07 2021"
"index1_cpuedata_NWCBO.png","Index data for NWCBO. Lines indicate 95% uncertainty interval around index values based on the model assumption of lognormal error. Thicker lines (if present) indicate input uncertainty before addition of estimated additional uncertainty parameter.","Index",2021-05-07 11:06:55,"StartTime: Thu May 06 13:04:07 2021"
"index2_cpuefit_NWCBO.png","Fit to index data for NWCBO. Lines indicate 95% uncertainty interval around index values based on the model assumption of lognormal error. Thicker lines (if present) indicate input uncertainty before addition of estimated additional uncertainty parameter.","Index",2021-05-07 11:06:55,"StartTime: Thu May 06 13:04:07 2021"
"index3_obs_vs_exp_NWCBO.png","Observed vs. expected index values with smoother for NWCBO","Index",2021-05-07 11:06:55,"StartTime: Thu May 06 13:04:07 2021"
"index4_logcpuedata_NWCBO.png","Log index data for NWCBO. Lines indicate 95% uncertainty interval around index values based on the model assumption of lognormal error. Thicker lines (if present) indicate input uncertainty before addition of estimated additional uncertainty parameter.","Index",2021-05-07 11:06:55,"StartTime: Thu May 06 13:04:07 2021"
"index5_logcpuefit_NWCBO.png","Fit to log index data on log scale for NWCBO. Lines indicate 95% uncertainty interval around index values based on the model assumption of lognormal error. Thicker lines (if present) indicate input uncertainty before addition of estimated additional uncertainty parameter.","Index",2021-05-07 11:06:55,"StartTime: Thu May 06 13:04:07 2021"
"index6_log_obs_vs_exp_NWCBO.png","log(observed) vs. log(expected) index values with smoother for NWCBO","Index",2021-05-07 11:06:55,"StartTime: Thu May 06 13:04:07 2021"
"index10_resids_SE_total_NWCBO.png","Residuals of fit to index for NWCBO.<br>Values are (log(Obs) - log(Exp))/SE where SE is the total standard error including any estimated additional uncertainty.","Index",2021-05-07 11:06:55,"StartTime: Thu May 06 13:04:07 2021"
"index12_resids_SE_total_NWCBO.png","Deviations for fit to index for NWCBO.<br>Values are log(Obs) - log(Exp) and thus independent of index uncertainty.","Index",2021-05-07 11:06:55,"StartTime: Thu May 06 13:04:07 2021"
"index9_standcpueall.png","Standardized indices overlaid. Each index is rescaled to have mean observation = 1.0. Indices with negative observations have been excluded.","Index",2021-05-07 11:06:55,"StartTime: Thu May 06 13:04:07 2021"
"numbers1_sex1_beg.png","Beginning of year expected numbers at age of females in (max ~ 110.2 million)","Numbers",2021-05-07 11:06:55,"StartTime: Thu May 06 13:04:07 2021"
"numbers1_sex2_beg.png","Beginning of year expected numbers at age of males in (max ~ 110.2 million)","Numbers",2021-05-07 11:06:55,"StartTime: Thu May 06 13:04:07 2021"
"numbers2_meanage_beg.png","Beginning of year mean age in the population","Numbers",2021-05-07 11:06:55,"StartTime: Thu May 06 13:04:07 2021"
"numbers1_sex1_mid.png","Middle of year expected numbers at age of females in (max ~ 106.2 million)","Numbers",2021-05-07 11:06:55,"StartTime: Thu May 06 13:04:07 2021"
"numbers1_sex2_mid.png","Middle of year expected numbers at age of males in (max ~ 106.9 million)","Numbers",2021-05-07 11:06:55,"StartTime: Thu May 06 13:04:07 2021"
"numbers2_meanage_mid.png","Middle of year mean age in the population","Numbers",2021-05-07 11:06:55,"StartTime: Thu May 06 13:04:07 2021"
"numbers3_frac_female_age.png","Fraction female in numbers at age","Numbers",2021-05-07 11:06:55,"StartTime: Thu May 06 13:04:07 2021"
"numbers6_len_sex1.png","Beginning of year expected numbers at length of females in (max ~ 110.2 million)","Numbers",2021-05-07 11:06:55,"StartTime: Thu May 06 13:04:07 2021"
"numbers6_len_sex2.png","Beginning of year expected numbers at length of males in (max ~ 110.1 million)","Numbers",2021-05-07 11:06:55,"StartTime: Thu May 06 13:04:07 2021"
"numbers7_meanlen.png","Beginning of year mean length (cm) in the population","Numbers",2021-05-07 11:06:55,"StartTime: Thu May 06 13:04:07 2021"
"numbers6_len_sex1.png","Middle of year expected numbers at length of females in (max ~ 27.9 million)","Numbers",2021-05-07 11:06:55,"StartTime: Thu May 06 13:04:07 2021"
"numbers6_len_sex2.png","Middle of year expected numbers at length of males in (max ~ 20.5 million)","Numbers",2021-05-07 11:06:55,"StartTime: Thu May 06 13:04:07 2021"
"numbers7_meanlen.png","Middle of year mean length (cm) in the population","Numbers",2021-05-07 11:06:55,"StartTime: Thu May 06 13:04:07 2021"
"numbers8_frac_female_len.png","Fraction female in numbers at length","Numbers",2021-05-07 11:06:55,"StartTime: Thu May 06 13:04:07 2021"
"numbers4_equilagecomp.png","Equilibrium age distribution","Numbers",2021-05-07 11:06:55,"StartTime: Thu May 06 13:04:07 2021"
"numbers5_ageerrorSD.png","Ageing imprecision: SD of observed age (yr)","Numbers",2021-05-07 11:06:55,"StartTime: Thu May 06 13:04:07 2021"
"numbers10_ageerror_matrix_1.png","Distribution of observed age at true age 
 for ageing error type 1","Numbers",2021-05-07 11:06:55,"StartTime: Thu May 06 13:04:07 2021"
"comp_lendat__aggregated_across_time.png","Length comp data, aggregated across time by fleet.
 <br> Labels 'retained' and 'discard' indicate discarded or retained sampled for each fleet. Panels without this designation represent the whole catch.
","CompDat",2021-05-07 11:06:55,"StartTime: Thu May 06 13:04:07 2021"
"comp_lendat__multi-fleet_comparison.png","Length comp data,  comparing across fleets","CompDat",2021-05-07 11:06:55,"StartTime: Thu May 06 13:04:07 2021"
"comp_lendat_flt1mkt1.png","Length comp data, discard, FIX.<br><br>'N adj.' is the input sample size after data-weighting adjustment. N eff. is the calculated effective sample size used in the McAllister-Ianelli tuning method.","CompDat",2021-05-07 11:06:55,"StartTime: Thu May 06 13:04:07 2021"
"comp_lendat_bubflt1mkt1.png","Length comp data, discard, FIX (max=0.66)","CompDat",2021-05-07 11:06:55,"StartTime: Thu May 06 13:04:07 2021"
"comp_lendat_data_weighting_TA1.8_FIX.png","Mean length for FIX with 95% confidence intervals based on current samples sizes.","CompDat",2021-05-07 11:06:55,"StartTime: Thu May 06 13:04:07 2021"
"comp_lendat_flt3mkt1.png","Length comp data, discard, TWL.<br><br>'N adj.' is the input sample size after data-weighting adjustment. N eff. is the calculated effective sample size used in the McAllister-Ianelli tuning method.","CompDat",2021-05-07 11:06:55,"StartTime: Thu May 06 13:04:07 2021"
"comp_lendat_bubflt3mkt1.png","Length comp data, discard, TWL (max=0.54)","CompDat",2021-05-07 11:06:55,"StartTime: Thu May 06 13:04:07 2021"
"comp_lendat_data_weighting_TA1.8_TWL.png","Mean length for TWL with 95% confidence intervals based on current samples sizes.","CompDat",2021-05-07 11:06:55,"StartTime: Thu May 06 13:04:07 2021"
"comp_lendat_flt8mkt0_page1.png","Length comp data, whole catch, NWCBO (plot 1 of 2).<br><br>'N adj.' is the input sample size after data-weighting adjustment. N eff. is the calculated effective sample size used in the McAllister-Ianelli tuning method.","CompDat",2021-05-07 11:06:55,"StartTime: Thu May 06 13:04:07 2021"
"comp_lendat_flt8mkt0_page2.png","Length comp data, whole catch, NWCBO (plot 2 of 2)","CompDat",2021-05-07 11:06:55,"StartTime: Thu May 06 13:04:07 2021"
"comp_lendat_bubflt8mkt0_page2.png","Length comp data, whole catch, NWCBO (max=0.12) (plot 2 of 2)","CompDat",2021-05-07 11:06:55,"StartTime: Thu May 06 13:04:07 2021"
"comp_lendat_data_weighting_TA1.8_NWCBO.png","Mean length for NWCBO with 95% confidence intervals based on current samples sizes.","CompDat",2021-05-07 11:06:55,"StartTime: Thu May 06 13:04:07 2021"
"sexratio_data_len_flt8mkt0_page1.png","Sex ratios for length comps, whole catch, NWCBO (plot 1 of 2).<br>Observed sex ratios (points) with 75% intervals (vertical lines) calculated as a <a href='https://www.jstor.org/stable/2676784'>Jeffreys interval</a> based on the adjusted input sample size.","CompDat",2021-05-07 11:06:55,"StartTime: Thu May 06 13:04:07 2021"
"sexratio_data_len_flt8mkt0_page2.png","Sex ratios for length comps, whole catch, NWCBO (plot 2 of 2)","CompDat",2021-05-07 11:06:55,"StartTime: Thu May 06 13:04:07 2021"
"comp_agedat__aggregated_across_time.png","Age comp data, aggregated across time by fleet.
 <br> Labels 'retained' and 'discard' indicate discarded or retained sampled for each fleet. Panels without this designation represent the whole catch.
","CompDat",2021-05-07 11:06:55,"StartTime: Thu May 06 13:04:07 2021"
"comp_agedat__page1_multi-fleet_comparison.png","Age comp data,  comparing across fleets (plot 1 of 2)","CompDat",2021-05-07 11:06:55,"StartTime: Thu May 06 13:04:07 2021"
"comp_agedat__page2_multi-fleet_comparison.png","Age comp data,  comparing across fleets (plot 2 of 2)","CompDat",2021-05-07 11:06:55,"StartTime: Thu May 06 13:04:07 2021"
"comp_agedat_flt1mkt2_page1.png","Age comp data, retained, FIX (plot 1 of 3).<br><br>'N adj.' is the input sample size after data-weighting adjustment. N eff. is the calculated effective sample size used in the McAllister-Ianelli tuning method.","CompDat",2021-05-07 11:06:55,"StartTime: Thu May 06 13:04:07 2021"
"comp_agedat_flt1mkt2_page2.png","Age comp data, retained, FIX (plot 2 of 3)","CompDat",2021-05-07 11:06:55,"StartTime: Thu May 06 13:04:07 2021"
"comp_agedat_flt1mkt2_page3.png","Age comp data, retained, FIX (plot 3 of 3)","CompDat",2021-05-07 11:06:55,"StartTime: Thu May 06 13:04:07 2021"
"comp_agedat_bubflt1mkt2_page3.png","Age comp data, retained, FIX (max=0.34) (plot 3 of 3)","CompDat",2021-05-07 11:06:55,"StartTime: Thu May 06 13:04:07 2021"
"comp_agedat_data_weighting_TA1.8_FIX.png","Mean age for FIX with 95% confidence intervals based on current samples sizes.","CompDat",2021-05-07 11:06:55,"StartTime: Thu May 06 13:04:07 2021"
"comp_agedat_flt3mkt2_page1.png","Age comp data, retained, TWL (plot 1 of 3).<br><br>'N adj.' is the input sample size after data-weighting adjustment. N eff. is the calculated effective sample size used in the McAllister-Ianelli tuning method.","CompDat",2021-05-07 11:06:55,"StartTime: Thu May 06 13:04:07 2021"
"comp_agedat_flt3mkt2_page2.png","Age comp data, retained, TWL (plot 2 of 3)","CompDat",2021-05-07 11:06:55,"StartTime: Thu May 06 13:04:07 2021"
"comp_agedat_flt3mkt2_page3.png","Age comp data, retained, TWL (plot 3 of 3)","CompDat",2021-05-07 11:06:55,"StartTime: Thu May 06 13:04:07 2021"
"comp_agedat_bubflt3mkt2_page3.png","Age comp data, retained, TWL (max=0.27) (plot 3 of 3)","CompDat",2021-05-07 11:06:55,"StartTime: Thu May 06 13:04:07 2021"
"comp_agedat_data_weighting_TA1.8_TWL.png","Mean age for TWL with 95% confidence intervals based on current samples sizes.","CompDat",2021-05-07 11:06:55,"StartTime: Thu May 06 13:04:07 2021"
"comp_agedat_flt5mkt0.png","Age comp data, whole catch, AKSHLF.<br><br>'N adj.' is the input sample size after data-weighting adjustment. N eff. is the calculated effective sample size used in the McAllister-Ianelli tuning method.","CompDat",2021-05-07 11:06:55,"StartTime: Thu May 06 13:04:07 2021"
"comp_agedat_bubflt5mkt0.png","Age comp data, whole catch, AKSHLF (max=0.47)","CompDat",2021-05-07 11:06:55,"StartTime: Thu May 06 13:04:07 2021"
"comp_agedat_data_weighting_TA1.8_AKSHLF.png","Mean age for AKSHLF with 95% confidence intervals based on current samples sizes.","CompDat",2021-05-07 11:06:55,"StartTime: Thu May 06 13:04:07 2021"
"comp_agedat_flt6mkt0.png","Age comp data, whole catch, AKSLP.<br><br>'N adj.' is the input sample size after data-weighting adjustment. N eff. is the calculated effective sample size used in the McAllister-Ianelli tuning method.","CompDat",2021-05-07 11:06:55,"StartTime: Thu May 06 13:04:07 2021"
"comp_agedat_bubflt6mkt0.png","Age comp data, whole catch, AKSLP (max=0.13)","CompDat",2021-05-07 11:06:55,"StartTime: Thu May 06 13:04:07 2021"
"comp_agedat_data_weighting_TA1.8_AKSLP.png","Mean age for AKSLP with 95% confidence intervals based on current samples sizes.","CompDat",2021-05-07 11:06:55,"StartTime: Thu May 06 13:04:07 2021"
"comp_agedat_flt7mkt0.png","Age comp data, whole catch, NWSLP.<br><br>'N adj.' is the input sample size after data-weighting adjustment. N eff. is the calculated effective sample size used in the McAllister-Ianelli tuning method.","CompDat",2021-05-07 11:06:55,"StartTime: Thu May 06 13:04:07 2021"
"comp_agedat_bubflt7mkt0.png","Age comp data, whole catch, NWSLP (max=0.15)","CompDat",2021-05-07 11:06:55,"StartTime: Thu May 06 13:04:07 2021"
"comp_agedat_data_weighting_TA1.8_NWSLP.png","Mean age for NWSLP with 95% confidence intervals based on current samples sizes.","CompDat",2021-05-07 11:06:55,"StartTime: Thu May 06 13:04:07 2021"
"sexratio_data_age_flt1mkt2_page1.png","Sex ratios for age comps, retained, FIX (plot 1 of 3).<br>Observed sex ratios (points) with 75% intervals (vertical lines) calculated as a <a href='https://www.jstor.org/stable/2676784'>Jeffreys interval</a> based on the adjusted input sample size.","CompDat",2021-05-07 11:06:55,"StartTime: Thu May 06 13:04:07 2021"
"sexratio_data_age_flt1mkt2_page2.png","Sex ratios for age comps, retained, FIX (plot 2 of 3)","CompDat",2021-05-07 11:06:55,"StartTime: Thu May 06 13:04:07 2021"
"sexratio_data_age_flt1mkt2_page3.png","Sex ratios for age comps, retained, FIX (plot 3 of 3)","CompDat",2021-05-07 11:06:55,"StartTime: Thu May 06 13:04:07 2021"
"sexratio_data_age_flt3mkt2_page1.png","Sex ratios for age comps, retained, TWL (plot 1 of 3).<br>Observed sex ratios (points) with 75% intervals (vertical lines) calculated as a <a href='https://www.jstor.org/stable/2676784'>Jeffreys interval</a> based on the adjusted input sample size.","CompDat",2021-05-07 11:06:55,"StartTime: Thu May 06 13:04:07 2021"
"sexratio_data_age_flt3mkt2_page2.png","Sex ratios for age comps, retained, TWL (plot 2 of 3)","CompDat",2021-05-07 11:06:55,"StartTime: Thu May 06 13:04:07 2021"
"sexratio_data_age_flt3mkt2_page3.png","Sex ratios for age comps, retained, TWL (plot 3 of 3)","CompDat",2021-05-07 11:06:55,"StartTime: Thu May 06 13:04:07 2021"
"sexratio_data_age_flt5mkt0.png","Sex ratios for age comps, whole catch, AKSHLF.<br>Observed sex ratios (points) with 75% intervals (vertical lines) calculated as a <a href='https://www.jstor.org/stable/2676784'>Jeffreys interval</a> based on the adjusted input sample size.","CompDat",2021-05-07 11:06:55,"StartTime: Thu May 06 13:04:07 2021"
"sexratio_data_age_flt6mkt0.png","Sex ratios for age comps, whole catch, AKSLP.<br>Observed sex ratios (points) with 75% intervals (vertical lines) calculated as a <a href='https://www.jstor.org/stable/2676784'>Jeffreys interval</a> based on the adjusted input sample size.","CompDat",2021-05-07 11:06:55,"StartTime: Thu May 06 13:04:07 2021"
"sexratio_data_age_flt7mkt0.png","Sex ratios for age comps, whole catch, NWSLP.<br>Observed sex ratios (points) with 75% intervals (vertical lines) calculated as a <a href='https://www.jstor.org/stable/2676784'>Jeffreys interval</a> based on the adjusted input sample size.","CompDat",2021-05-07 11:06:55,"StartTime: Thu May 06 13:04:07 2021"
"comp_condAALdat_bubflt8mkt0_page1.png","Conditional age-at-length data, whole catch, NWCBO (max=0.95) (plot 1 of 3)","CompDat",2021-05-07 11:06:55,"StartTime: Thu May 06 13:04:07 2021"
"comp_condAALdat_bubflt8mkt0_page2.png","Conditional age-at-length data, whole catch, NWCBO (max=0.95) (plot 1 of 3) (plot 2 of 3)","CompDat",2021-05-07 11:06:55,"StartTime: Thu May 06 13:04:07 2021"
"comp_condAALdat_bubflt8mkt0_page3.png","Conditional age-at-length data, whole catch, NWCBO (max=0.95) (plot 1 of 3) (plot 2 of 3) (plot 3 of 3)","CompDat",2021-05-07 11:06:55,"StartTime: Thu May 06 13:04:07 2021"
"comp_condAALdat_data_weighting_TA1.8_condAgeNWCBO.png","Mean age from conditional data (aggregated across length bins) for NWCBO with 95% confidence intervals  based on current samples sizes.","CompDat",2021-05-07 11:06:55,"StartTime: Thu May 06 13:04:07 2021"
"comp_condAALdat_Andre_plotsflt8mkt0_page1.png","Conditional AAL plot, whole catch, NWCBO (plot 1 of 5)
These plots show mean age and std. dev. in conditional A@L.<br>Left plots are mean A@L by size-class (obs. and pred.) with 90% CIs based on adding 1.64 SE of mean to the data.<br>Right plots in each pair are SE of mean A@L (obs. and pred.) with 90% CIs based on the chi-square distribution.","CompDat",2021-05-07 11:06:55,"StartTime: Thu May 06 13:04:07 2021"
"comp_condAALdat_Andre_plotsflt8mkt0_page2.png","Conditional AAL plot, whole catch, NWCBO (plot 2 of 5)","CompDat",2021-05-07 11:06:55,"StartTime: Thu May 06 13:04:07 2021"
"comp_condAALdat_Andre_plotsflt8mkt0_page3.png","Conditional AAL plot, whole catch, NWCBO (plot 3 of 5)","CompDat",2021-05-07 11:06:55,"StartTime: Thu May 06 13:04:07 2021"
"comp_condAALdat_Andre_plotsflt8mkt0_page4.png","Conditional AAL plot, whole catch, NWCBO (plot 4 of 5)","CompDat",2021-05-07 11:06:55,"StartTime: Thu May 06 13:04:07 2021"
"comp_condAALdat_Andre_plotsflt8mkt0_page5.png","Conditional AAL plot, whole catch, NWCBO (plot 5 of 5)","CompDat",2021-05-07 11:06:55,"StartTime: Thu May 06 13:04:07 2021"
"comp_lenfit__aggregated_across_time.png","Length comps, aggregated across time by fleet.
 <br> Labels 'retained' and 'discard' indicate discarded or retained sampled for each fleet. Panels without this designation represent the whole catch.
","LenComp",2021-05-07 11:06:55,"StartTime: Thu May 06 13:04:07 2021"
"comp_lenfit__multi-fleet_comparison.png","Pearson residuals,  comparing across fleets <br> 
Closed bubbles are positive residuals (observed > expected) and open bubbles are negative residuals (observed < expected).","LenComp",2021-05-07 11:06:55,"StartTime: Thu May 06 13:04:07 2021"
"comp_lenfit_flt1mkt1.png","Length comps, discard, FIX.<br><br>'N adj.' is the input sample size after data-weighting adjustment. N eff. is the calculated effective sample size used in the McAllister-Ianelli tuning method.","LenComp",2021-05-07 11:06:55,"StartTime: Thu May 06 13:04:07 2021"
"comp_lenfit_residsflt1mkt1.png","Pearson residuals, discard, FIX (max=7.39) <br> 
Closed bubbles are positive residuals (observed > expected) and open bubbles are negative residuals (observed < expected).","LenComp",2021-05-07 11:06:55,"StartTime: Thu May 06 13:04:07 2021"
"comp_lenfit_sampsize_flt1mkt1.png","N-EffN comparison, Length comps, discard, FIX","LenComp",2021-05-07 11:06:55,"StartTime: Thu May 06 13:04:07 2021"
"comp_lenfit_data_weighting_TA1.8_FIX.png","Mean length for FIX with 95% confidence intervals based on current samples sizes.<br>Francis data weighting method TA1.8: thinner intervals (with capped ends) show result of further adjusting sample sizes based on suggested multiplier (with 95% interval) for len data from FIX:<br>1.1331 (0.6598-3.4607) <br><br>For more info, see<br> <blockquote>Francis, R.I.C.C. (2011). Data weighting in statistical fisheries stock assessment models. <i>Can. J. Fish. Aquat. Sci.</i> 68: 1124-1138.  <a href=https://doi.org/10.1139/f2011-025> https://doi.org/10.1139/f2011-025</a> </blockquote>","LenComp",2021-05-07 11:06:55,"StartTime: Thu May 06 13:04:07 2021"
"comp_lenfit_flt3mkt1.png","Length comps, discard, TWL.<br><br>'N adj.' is the input sample size after data-weighting adjustment. N eff. is the calculated effective sample size used in the McAllister-Ianelli tuning method.","LenComp",2021-05-07 11:06:55,"StartTime: Thu May 06 13:04:07 2021"
"comp_lenfit_residsflt3mkt1.png","Pearson residuals, discard, TWL (max=5.84) <br> 
Closed bubbles are positive residuals (observed > expected) and open bubbles are negative residuals (observed < expected).","LenComp",2021-05-07 11:06:55,"StartTime: Thu May 06 13:04:07 2021"
"comp_lenfit_sampsize_flt3mkt1.png","N-EffN comparison, Length comps, discard, TWL","LenComp",2021-05-07 11:06:55,"StartTime: Thu May 06 13:04:07 2021"
"comp_lenfit_data_weighting_TA1.8_TWL.png","Mean length for TWL with 95% confidence intervals based on current samples sizes.<br>Francis data weighting method TA1.8: thinner intervals (with capped ends) show result of further adjusting sample sizes based on suggested multiplier (with 95% interval) for len data from TWL:<br>0.9839 (0.562-3.1454) <br><br>For more info, see<br> <blockquote>Francis, R.I.C.C. (2011). Data weighting in statistical fisheries stock assessment models. <i>Can. J. Fish. Aquat. Sci.</i> 68: 1124-1138.  <a href=https://doi.org/10.1139/f2011-025> https://doi.org/10.1139/f2011-025</a> </blockquote>","LenComp",2021-05-07 11:06:55,"StartTime: Thu May 06 13:04:07 2021"
"comp_lenfit_flt8mkt0_page1.png","Length comps, whole catch, NWCBO (plot 1 of 2).<br><br>'N adj.' is the input sample size after data-weighting adjustment. N eff. is the calculated effective sample size used in the McAllister-Ianelli tuning method.","LenComp",2021-05-07 11:06:55,"StartTime: Thu May 06 13:04:07 2021"
"comp_lenfit_flt8mkt0_page2.png","Length comps, whole catch, NWCBO (plot 2 of 2)","LenComp",2021-05-07 11:06:55,"StartTime: Thu May 06 13:04:07 2021"
"comp_lenfit_residsflt8mkt0_page2.png","Pearson residuals, whole catch, NWCBO (max=3.58) (plot 2 of 2) <br> 
Closed bubbles are positive residuals (observed > expected) and open bubbles are negative residuals (observed < expected).","LenComp",2021-05-07 11:06:55,"StartTime: Thu May 06 13:04:07 2021"
"comp_lenfit_sampsize_flt8mkt0.png","N-EffN comparison, Length comps, whole catch, NWCBO","LenComp",2021-05-07 11:06:55,"StartTime: Thu May 06 13:04:07 2021"
"comp_lenfit_data_weighting_TA1.8_NWCBO.png","Mean length for NWCBO with 95% confidence intervals based on current samples sizes.<br>Francis data weighting method TA1.8: thinner intervals (with capped ends) show result of further adjusting sample sizes based on suggested multiplier (with 95% interval) for len data from NWCBO:<br>1.0078 (0.6214-2.2563) <br><br>For more info, see<br> <blockquote>Francis, R.I.C.C. (2011). Data weighting in statistical fisheries stock assessment models. <i>Can. J. Fish. Aquat. Sci.</i> 68: 1124-1138.  <a href=https://doi.org/10.1139/f2011-025> https://doi.org/10.1139/f2011-025</a> </blockquote>","LenComp",2021-05-07 11:06:55,"StartTime: Thu May 06 13:04:07 2021"
"sexratio_len_flt8mkt0_page1.png","Sex ratios for length comps, whole catch, NWCBO (plot 1 of 2).<br>Observed sex ratios (points) with 75% intervals (vertical lines) calculated as a <a href='https://www.jstor.org/stable/2676784'>Jeffreys interval</a> based on the adjusted input sample size. The model expectation is shown  in the purple line.","LenComp",2021-05-07 11:06:55,"StartTime: Thu May 06 13:04:07 2021"
"sexratio_len_flt8mkt0_page2.png","Sex ratios for length comps, whole catch, NWCBO (plot 2 of 2)","LenComp",2021-05-07 11:06:55,"StartTime: Thu May 06 13:04:07 2021"
"comp_agefit__aggregated_across_time.png","Age comps, aggregated across time by fleet.
 <br> Labels 'retained' and 'discard' indicate discarded or retained sampled for each fleet. Panels without this designation represent the whole catch.
","AgeComp",2021-05-07 11:06:55,"StartTime: Thu May 06 13:04:07 2021"
"comp_agefit__page1_multi-fleet_comparison.png","Pearson residuals,  comparing across fleets (plot 1 of 2) <br> 
Closed bubbles are positive residuals (observed > expected) and open bubbles are negative residuals (observed < expected).","AgeComp",2021-05-07 11:06:55,"StartTime: Thu May 06 13:04:07 2021"
"comp_agefit__page2_multi-fleet_comparison.png","Pearson residuals,  comparing across fleets (plot 2 of 2)","AgeComp",2021-05-07 11:06:55,"StartTime: Thu May 06 13:04:07 2021"
"comp_agefit_flt1mkt2_page1.png","Age comps, retained, FIX (plot 1 of 3).<br><br>'N adj.' is the input sample size after data-weighting adjustment. N eff. is the calculated effective sample size used in the McAllister-Ianelli tuning method.","AgeComp",2021-05-07 11:06:55,"StartTime: Thu May 06 13:04:07 2021"
"comp_agefit_flt1mkt2_page2.png","Age comps, retained, FIX (plot 2 of 3)","AgeComp",2021-05-07 11:06:55,"StartTime: Thu May 06 13:04:07 2021"
"comp_agefit_flt1mkt2_page3.png","Age comps, retained, FIX (plot 3 of 3)","AgeComp",2021-05-07 11:06:55,"StartTime: Thu May 06 13:04:07 2021"
"comp_agefit_residsflt1mkt2_page3.png","Pearson residuals, retained, FIX (max=6.03) (plot 3 of 3) <br> 
Closed bubbles are positive residuals (observed > expected) and open bubbles are negative residuals (observed < expected).","AgeComp",2021-05-07 11:06:55,"StartTime: Thu May 06 13:04:07 2021"
"comp_agefit_sampsize_flt1mkt2.png","N-EffN comparison, Age comps, retained, FIX","AgeComp",2021-05-07 11:06:55,"StartTime: Thu May 06 13:04:07 2021"
"comp_agefit_data_weighting_TA1.8_FIX.png","Mean age for FIX with 95% confidence intervals based on current samples sizes.<br>Francis data weighting method TA1.8: thinner intervals (with capped ends) show result of further adjusting sample sizes based on suggested multiplier (with 95% interval) for age data from FIX:<br>1.0229 (0.6269-2.2339) <br><br>For more info, see<br> <blockquote>Francis, R.I.C.C. (2011). Data weighting in statistical fisheries stock assessment models. <i>Can. J. Fish. Aquat. Sci.</i> 68: 1124-1138.  <a href=https://doi.org/10.1139/f2011-025> https://doi.org/10.1139/f2011-025</a> </blockquote>","AgeComp",2021-05-07 11:06:55,"StartTime: Thu May 06 13:04:07 2021"
"comp_agefit_flt3mkt2_page1.png","Age comps, retained, TWL (plot 1 of 3).<br><br>'N adj.' is the input sample size after data-weighting adjustment. N eff. is the calculated effective sample size used in the McAllister-Ianelli tuning method.","AgeComp",2021-05-07 11:06:55,"StartTime: Thu May 06 13:04:07 2021"
"comp_agefit_flt3mkt2_page2.png","Age comps, retained, TWL (plot 2 of 3)","AgeComp",2021-05-07 11:06:55,"StartTime: Thu May 06 13:04:07 2021"
"comp_agefit_flt3mkt2_page3.png","Age comps, retained, TWL (plot 3 of 3)","AgeComp",2021-05-07 11:06:55,"StartTime: Thu May 06 13:04:07 2021"
"comp_agefit_residsflt3mkt2_page3.png","Pearson residuals, retained, TWL (max=3.03) (plot 3 of 3) <br> 
Closed bubbles are positive residuals (observed > expected) and open bubbles are negative residuals (observed < expected).","AgeComp",2021-05-07 11:06:55,"StartTime: Thu May 06 13:04:07 2021"
"comp_agefit_sampsize_flt3mkt2.png","N-EffN comparison, Age comps, retained, TWL","AgeComp",2021-05-07 11:06:55,"StartTime: Thu May 06 13:04:07 2021"
"comp_agefit_data_weighting_TA1.8_TWL.png","Mean age for TWL with 95% confidence intervals based on current samples sizes.<br>Francis data weighting method TA1.8: thinner intervals (with capped ends) show result of further adjusting sample sizes based on suggested multiplier (with 95% interval) for age data from TWL:<br>1.0423 (0.7126-1.9449) <br><br>For more info, see<br> <blockquote>Francis, R.I.C.C. (2011). Data weighting in statistical fisheries stock assessment models. <i>Can. J. Fish. Aquat. Sci.</i> 68: 1124-1138.  <a href=https://doi.org/10.1139/f2011-025> https://doi.org/10.1139/f2011-025</a> </blockquote>","AgeComp",2021-05-07 11:06:55,"StartTime: Thu May 06 13:04:07 2021"
"comp_agefit_flt5mkt0.png","Age comps, whole catch, AKSHLF.<br><br>'N adj.' is the input sample size after data-weighting adjustment. N eff. is the calculated effective sample size used in the McAllister-Ianelli tuning method.","AgeComp",2021-05-07 11:06:55,"StartTime: Thu May 06 13:04:07 2021"
"comp_agefit_residsflt5mkt0.png","Pearson residuals, whole catch, AKSHLF (max=8.02) <br> 
Closed bubbles are positive residuals (observed > expected) and open bubbles are negative residuals (observed < expected).","AgeComp",2021-05-07 11:06:55,"StartTime: Thu May 06 13:04:07 2021"
"comp_agefit_sampsize_flt5mkt0.png","N-EffN comparison, Age comps, whole catch, AKSHLF","AgeComp",2021-05-07 11:06:55,"StartTime: Thu May 06 13:04:07 2021"
"comp_agefit_data_weighting_TA1.8_AKSHLF.png","Mean age for AKSHLF with 95% confidence intervals based on current samples sizes.<br>Francis data weighting method TA1.8: thinner intervals (with capped ends) show result of further adjusting sample sizes based on suggested multiplier (with 95% interval) for age data from AKSHLF:<br>9.7174 (6.7234-60.4338) <br><br>For more info, see<br> <blockquote>Francis, R.I.C.C. (2011). Data weighting in statistical fisheries stock assessment models. <i>Can. J. Fish. Aquat. Sci.</i> 68: 1124-1138.  <a href=https://doi.org/10.1139/f2011-025> https://doi.org/10.1139/f2011-025</a> </blockquote>","AgeComp",2021-05-07 11:06:55,"StartTime: Thu May 06 13:04:07 2021"
"comp_agefit_flt6mkt0.png","Age comps, whole catch, AKSLP.<br><br>'N adj.' is the input sample size after data-weighting adjustment. N eff. is the calculated effective sample size used in the McAllister-Ianelli tuning method.","AgeComp",2021-05-07 11:06:55,"StartTime: Thu May 06 13:04:07 2021"
"comp_agefit_residsflt6mkt0.png","Pearson residuals, whole catch, AKSLP (max=2.78) <br> 
Closed bubbles are positive residuals (observed > expected) and open bubbles are negative residuals (observed < expected).","AgeComp",2021-05-07 11:06:55,"StartTime: Thu May 06 13:04:07 2021"
"comp_agefit_sampsize_flt6mkt0.png","N-EffN comparison, Age comps, whole catch, AKSLP","AgeComp",2021-05-07 11:06:55,"StartTime: Thu May 06 13:04:07 2021"
"comp_agefit_data_weighting_TA1.8_AKSLP.png","Mean age for AKSLP with 95% confidence intervals based on current samples sizes.<br>Francis data weighting method TA1.8: thinner intervals (with capped ends) show result of further adjusting sample sizes based on suggested multiplier (with 95% interval) for age data from AKSLP:<br>0.8501 (0.5672-7867.0346) <br><br>For more info, see<br> <blockquote>Francis, R.I.C.C. (2011). Data weighting in statistical fisheries stock assessment models. <i>Can. J. Fish. Aquat. Sci.</i> 68: 1124-1138.  <a href=https://doi.org/10.1139/f2011-025> https://doi.org/10.1139/f2011-025</a> </blockquote>","AgeComp",2021-05-07 11:06:55,"StartTime: Thu May 06 13:04:07 2021"
"comp_agefit_flt7mkt0.png","Age comps, whole catch, NWSLP.<br><br>'N adj.' is the input sample size after data-weighting adjustment. N eff. is the calculated effective sample size used in the McAllister-Ianelli tuning method.","AgeComp",2021-05-07 11:06:55,"StartTime: Thu May 06 13:04:07 2021"
"comp_agefit_residsflt7mkt0.png","Pearson residuals, whole catch, NWSLP (max=3.03) <br> 
Closed bubbles are positive residuals (observed > expected) and open bubbles are negative residuals (observed < expected).","AgeComp",2021-05-07 11:06:55,"StartTime: Thu May 06 13:04:07 2021"
"comp_agefit_sampsize_flt7mkt0.png","N-EffN comparison, Age comps, whole catch, NWSLP","AgeComp",2021-05-07 11:06:55,"StartTime: Thu May 06 13:04:07 2021"
"comp_agefit_data_weighting_TA1.8_NWSLP.png","Mean age for NWSLP with 95% confidence intervals based on current samples sizes.<br>Francis data weighting method TA1.8: thinner intervals (with capped ends) show result of further adjusting sample sizes based on suggested multiplier (with 95% interval) for age data from NWSLP:<br>0.9686 (0.5773-10.1395) <br><br>For more info, see<br> <blockquote>Francis, R.I.C.C. (2011). Data weighting in statistical fisheries stock assessment models. <i>Can. J. Fish. Aquat. Sci.</i> 68: 1124-1138.  <a href=https://doi.org/10.1139/f2011-025> https://doi.org/10.1139/f2011-025</a> </blockquote>","AgeComp",2021-05-07 11:06:55,"StartTime: Thu May 06 13:04:07 2021"
"sexratio_age_flt1mkt2_page1.png","Sex ratios for age comps, retained, FIX (plot 1 of 3).<br>Observed sex ratios (points) with 75% intervals (vertical lines) calculated as a <a href='https://www.jstor.org/stable/2676784'>Jeffreys interval</a> based on the adjusted input sample size. The model expectation is shown  in the purple line.","AgeComp",2021-05-07 11:06:55,"StartTime: Thu May 06 13:04:07 2021"
"sexratio_age_flt1mkt2_page2.png","Sex ratios for age comps, retained, FIX (plot 2 of 3)","AgeComp",2021-05-07 11:06:55,"StartTime: Thu May 06 13:04:07 2021"
"sexratio_age_flt1mkt2_page3.png","Sex ratios for age comps, retained, FIX (plot 3 of 3)","AgeComp",2021-05-07 11:06:55,"StartTime: Thu May 06 13:04:07 2021"
"sexratio_age_flt3mkt2_page1.png","Sex ratios for age comps, retained, TWL (plot 1 of 3).<br>Observed sex ratios (points) with 75% intervals (vertical lines) calculated as a <a href='https://www.jstor.org/stable/2676784'>Jeffreys interval</a> based on the adjusted input sample size. The model expectation is shown  in the purple line.","AgeComp",2021-05-07 11:06:55,"StartTime: Thu May 06 13:04:07 2021"
"sexratio_age_flt3mkt2_page2.png","Sex ratios for age comps, retained, TWL (plot 2 of 3)","AgeComp",2021-05-07 11:06:55,"StartTime: Thu May 06 13:04:07 2021"
"sexratio_age_flt3mkt2_page3.png","Sex ratios for age comps, retained, TWL (plot 3 of 3)","AgeComp",2021-05-07 11:06:55,"StartTime: Thu May 06 13:04:07 2021"
"sexratio_age_flt5mkt0.png","Sex ratios for age comps, whole catch, AKSHLF.<br>Observed sex ratios (points) with 75% intervals (vertical lines) calculated as a <a href='https://www.jstor.org/stable/2676784'>Jeffreys interval</a> based on the adjusted input sample size. The model expectation is shown  in the purple line.","AgeComp",2021-05-07 11:06:55,"StartTime: Thu May 06 13:04:07 2021"
"sexratio_age_flt6mkt0.png","Sex ratios for age comps, whole catch, AKSLP.<br>Observed sex ratios (points) with 75% intervals (vertical lines) calculated as a <a href='https://www.jstor.org/stable/2676784'>Jeffreys interval</a> based on the adjusted input sample size. The model expectation is shown  in the purple line.","AgeComp",2021-05-07 11:06:55,"StartTime: Thu May 06 13:04:07 2021"
"sexratio_age_flt7mkt0.png","Sex ratios for age comps, whole catch, NWSLP.<br>Observed sex ratios (points) with 75% intervals (vertical lines) calculated as a <a href='https://www.jstor.org/stable/2676784'>Jeffreys interval</a> based on the adjusted input sample size. The model expectation is shown  in the purple line.","AgeComp",2021-05-07 11:06:55,"StartTime: Thu May 06 13:04:07 2021"
"comp_condAALfit_residsflt8mkt0_page1.png","Pearson residuals, whole catch, NWCBO (max=5.94) (plot 1 of 3)","A@LComp",2021-05-07 11:06:55,"StartTime: Thu May 06 13:04:07 2021"
"comp_condAALfit_residsflt8mkt0_page2.png","Pearson residuals, whole catch, NWCBO (max=5.94) (plot 1 of 3) (plot 2 of 3)","A@LComp",2021-05-07 11:06:55,"StartTime: Thu May 06 13:04:07 2021"
"comp_condAALfit_residsflt8mkt0_page3.png","Pearson residuals, whole catch, NWCBO (max=5.94) (plot 1 of 3) (plot 2 of 3) (plot 3 of 3)","A@LComp",2021-05-07 11:06:55,"StartTime: Thu May 06 13:04:07 2021"
"comp_condAALfit_data_weighting_TA1.8_condAgeNWCBO.png","Mean age from conditional data (aggregated across length bins) for NWCBO with 95% confidence intervals  based on current samples sizes.<br>Francis data weighting method TA1.8: thinner intervals (with capped ends) show result of further adjusting sample sizes based on suggested multiplier (with 95% interval) for conditional age-at-length data from NWCBO:<br>0.8508 (0.5617-2.4025) <br><br>For more info, see<br> <blockquote>Francis, R.I.C.C. (2011). Data weighting in statistical fisheries stock assessment models. <i>Can. J. Fish. Aquat. Sci.</i> 68: 1124-1138.</blockquote>","A@LComp",2021-05-07 11:06:55,"StartTime: Thu May 06 13:04:07 2021"
"comp_condAALfit_Andre_plotsflt8mkt0_page1.png","Conditional AAL plot, whole catch, NWCBO (plot 1 of 5)
These plots show mean age and std. dev. in conditional A@L.<br>Left plots are mean A@L by size-class (obs. and pred.) with 90% CIs based on adding 1.64 SE of mean to the data.<br>Right plots in each pair are SE of mean A@L (obs. and pred.) with 90% CIs based on the chi-square distribution.","A@LComp",2021-05-07 11:06:55,"StartTime: Thu May 06 13:04:07 2021"
"comp_condAALfit_Andre_plotsflt8mkt0_page2.png","Conditional AAL plot, whole catch, NWCBO (plot 2 of 5)","A@LComp",2021-05-07 11:06:55,"StartTime: Thu May 06 13:04:07 2021"
"comp_condAALfit_Andre_plotsflt8mkt0_page3.png","Conditional AAL plot, whole catch, NWCBO (plot 3 of 5)","A@LComp",2021-05-07 11:06:55,"StartTime: Thu May 06 13:04:07 2021"
"comp_condAALfit_Andre_plotsflt8mkt0_page4.png","Conditional AAL plot, whole catch, NWCBO (plot 4 of 5)","A@LComp",2021-05-07 11:06:55,"StartTime: Thu May 06 13:04:07 2021"
"comp_condAALfit_Andre_plotsflt8mkt0_page5.png","Conditional AAL plot, whole catch, NWCBO (plot 5 of 5)","A@LComp",2021-05-07 11:06:55,"StartTime: Thu May 06 13:04:07 2021"
"yield1_yield_curve.png","Yield curve","Yield",2021-05-07 11:06:55,"StartTime: Thu May 06 13:04:07 2021"
"yield2_yield_curve_with_refpoints.png","Yield curve with reference points","Yield",2021-05-07 11:06:55,"StartTime: Thu May 06 13:04:07 2021"
"yield3_surplus_production.png","Surplus production vs. biomass plot. For interpretation, see<br> <blockquote>Walters, Hilborn, and  Christensen, 2008, Surplus production dynamics in declining and recovering fish populations. <i>Can. J. Fish. Aquat. Sci.</i> 65: 2536-2551.</blockquote>","Yield",2021-05-07 11:06:55,"StartTime: Thu May 06 13:04:07 2021"
"data_plot.png","Data presence by year for each fleet and data type.","Data",2021-05-07 11:06:55,"StartTime: Thu May 06 13:04:07 2021"
"data_plot2.png","Data presence by year for each fleet, where circle area is <br>  relative within a data type. Circles are proportional to <br>  total catch for catches; to precision for indices, discards, and <br>  mean body weight observations; and to total sample size for <br> compositions and mean weight- or length-at-age observations. <br> 'Ghost' observations (not included in the likelihood) have <br> equal size for all years. <br> Note that since the circles are are scaled relative <br>  to maximum within each type, the scaling within separate plots <br>  should not be compared.","Data",2021-05-07 11:06:55,"StartTime: Thu May 06 13:04:07 2021"
"parameter_distributions_page1.png","Parameter distribution plots (plot 1 of 8). <br>Deviation parameters are not included. <br>Plotting range is equal to input limits on parameters. Use fitrange = TRUE to scale the range to the estimates.","Pars",2021-05-07 11:06:55,"StartTime: Thu May 06 13:04:07 2021"
"parameter_distributions_page2.png","Parameter distribution plots (plot 2 of 8).","Pars",2021-05-07 11:06:55,"StartTime: Thu May 06 13:04:07 2021"
"parameter_distributions_page3.png","Parameter distribution plots (plot 3 of 8).","Pars",2021-05-07 11:06:55,"StartTime: Thu May 06 13:04:07 2021"
"parameter_distributions_page4.png","Parameter distribution plots (plot 4 of 8).","Pars",2021-05-07 11:06:55,"StartTime: Thu May 06 13:04:07 2021"
"parameter_distributions_page5.png","Parameter distribution plots (plot 5 of 8).","Pars",2021-05-07 11:06:55,"StartTime: Thu May 06 13:04:07 2021"
"parameter_distributions_page6.png","Parameter distribution plots (plot 6 of 8).","Pars",2021-05-07 11:06:55,"StartTime: Thu May 06 13:04:07 2021"
"parameter_distributions_page7.png","Parameter distribution plots (plot 7 of 8).","Pars",2021-05-07 11:06:55,"StartTime: Thu May 06 13:04:07 2021"
"parameter_distributions_page9.png","Parameter distribution plots (plot 9 of 8).","Pars",2021-05-07 11:06:55,"StartTime: Thu May 06 13:04:07 2021"
"parameterchecks.html","Table of estimated parameters (excluding deviation parameters) sorted by parameters with the largest gradients; any parameter with a gradient value with an absolute value above 0.001 (for SS 3.30 models) or a parameter on bounds is colored in red.","DiagnosticTables",2021-05-07 11:06:55,"StartTime: Thu May 06 13:04:07 2021"
"correlationcheck.html","Table of estimated parameters with the ten highest correlation rates, sorted by highest correlations; any parameter with an absolute value of correlation above  is colored in red.","DiagnosticTables",2021-05-07 11:06:55,"StartTime: Thu May 06 13:04:07 2021"
"lowcorrelationcheck.html","Table of estimated parameters with the ten lowest correlation rates, sorted by lowest correlations; any parameter with an absolute value of correlation below  is colored in purple","DiagnosticTables",2021-05-07 11:06:55,"StartTime: Thu May 06 13:04:07 2021"
